{
  "population_size": 10,
  "initial_population_size": 10,
  "max_population_size": 25,
  "population": [
    {
      "rank": 1,
      "fitness": 4.515184839992657,
      "avg_speed": 0.26146283203426995,
      "avg_clearance": 0.323660584064371,
      "metrics": {
        "distance": 9.203038898862333,
        "collisions": 0,
        "duration": 60.04033303260803
      }
    },
    {
      "rank": 2,
      "fitness": 1.0938080762028695,
      "avg_speed": 0.0,
      "avg_clearance": 0.41804001465439794,
      "metrics": {
        "distance": 0.0,
        "collisions": 0,
        "duration": 60.053815841674805
      }
    }
  ],
  "total_evaluations": 2,
  "improvements": 2
}