{
  "population_size": 10,
  "population": [
    {
      "rank": 1,
      "fitness": 49.7747915684886,
      "avg_speed": 0.405290926537736,
      "avg_clearance": 0.3794708998250882,
      "metrics": {
        "distance": 13.928329547161047,
        "collisions": 0,
        "duration": 60.0640013217926
      }
    },
    {
      "rank": 2,
      "fitness": 0.0,
      "avg_speed": 0.0,
      "avg_clearance": 0.23482168061037859,
      "metrics": {
        "distance": 0.0,
        "collisions": 0,
        "duration": 60.04802465438843
      }
    }
  ],
  "total_evaluations": 2,
  "improvements": 2
}