{
  "population_size": 10,
  "population": [
    {
      "rank": 1,
      "fitness": 49.7747915684886,
      "avg_speed": 0.405290926537736,
      "avg_clearance": 0.3794708998250882,
      "metrics": {
        "distance": 13.928329547161047,
        "collisions": 0,
        "duration": 60.0640013217926
      }
    },
    {
      "rank": 2,
      "fitness": 4.885426957623936,
      "avg_speed": 0.0005111597223457772,
      "avg_clearance": 0.3040416173252607,
      "metrics": {
        "distance": 0.05352145609440149,
        "collisions": 0,
        "duration": 60.08724403381348
      }
    },
    {
      "rank": 3,
      "fitness": 0.0,
      "avg_speed": 0.0,
      "avg_clearance": 0.23482168061037859,
      "metrics": {
        "distance": 0.0,
        "collisions": 0,
        "duration": 60.04802465438843
      }
    },
    {
      "rank": 4,
      "fitness": -5.964933852176386,
      "avg_speed": 0.3246191577827587,
      "avg_clearance": 0.38313501826177043,
      "metrics": {
        "distance": 1.007891293035722,
        "collisions": 1,
        "duration": 60.00032114982605
      }
    }
  ],
  "total_evaluations": 4,
  "improvements": 4
}