{
  "speed_bins": [
    0.0,
    0.05,
    0.1,
    0.15,
    0.2
  ],
  "clearance_bins": [
    0.2,
    0.5,
    1.0,
    2.0,
    5.0
  ],
  "archive": {
    "(1, 0)": {
      "fitness": 9223.247270490469,
      "avg_speed": 0.096927615583164,
      "avg_clearance": 0.41733945487144586,
      "metrics": {
        "distance": 4191.225711720534,
        "collisions": 0,
        "duration": 60.03609347343445
      }
    },
    "(0, 0)": {
      "fitness": 5.957114602058955,
      "avg_speed": 0.0,
      "avg_clearance": 0.4140050256014267,
      "metrics": {
        "distance": 0.0,
        "collisions": 0,
        "duration": 60.024526596069336
      }
    },
    "(2, 0)": {
      "fitness": 10.657741934826781,
      "avg_speed": 0.11174753377319663,
      "avg_clearance": 0.35113978594194434,
      "metrics": {
        "distance": 2.936813213863127,
        "collisions": 0,
        "duration": 60.099111557006836
      }
    },
    "(3, 0)": {
      "fitness": 42.64882510251723,
      "avg_speed": 0.35693350767653814,
      "avg_clearance": 0.4214376248853179,
      "metrics": {
        "distance": 19.080821717039118,
        "collisions": 0,
        "duration": 60.057324171066284
      }
    }
  },
  "total_evaluations": 80,
  "archive_additions": 15
}