{
  "speed_bins": [
    0.0,
    0.05,
    0.1,
    0.15,
    0.2
  ],
  "clearance_bins": [
    0.2,
    0.5,
    1.0,
    2.0,
    5.0
  ],
  "archive": {
    "(0, 3)": {
      "fitness": 1.1550779084879268,
      "avg_speed": 0.0,
      "avg_clearance": 5.0,
      "metrics": {
        "distance": 0.00026912799786121084,
        "collisions": 0,
        "duration": 60.07947564125061
      }
    },
    "(1, 0)": {
      "fitness": 9223.247270490469,
      "avg_speed": 0.096927615583164,
      "avg_clearance": 0.41733945487144586,
      "metrics": {
        "distance": 4191.225711720534,
        "collisions": 0,
        "duration": 60.03609347343445
      }
    },
    "(0, 0)": {
      "fitness": 6.094731154862084,
      "avg_speed": 0.0004463702276506799,
      "avg_clearance": 0.426990037601125,
      "metrics": {
        "distance": 0.04401108447094876,
        "collisions": 0,
        "duration": 60.057929039001465
      }
    },
    "(2, 0)": {
      "fitness": 10.657741934826781,
      "avg_speed": 0.11174753377319663,
      "avg_clearance": 0.35113978594194434,
      "metrics": {
        "distance": 2.936813213863127,
        "collisions": 0,
        "duration": 60.099111557006836
      }
    },
    "(3, 0)": {
      "fitness": 56.606474494296215,
      "avg_speed": 0.30534154205594766,
      "avg_clearance": 0.4272529317713815,
      "metrics": {
        "distance": 23.963842664662568,
        "collisions": 0,
        "duration": 60.06237506866455
      }
    }
  },
  "total_evaluations": 190,
  "archive_additions": 19
}